{
  "Bav": {
    "mu": 26.41235922883944,
    "sigma": 3.901820491530543
  },
  "Sam": {
    "mu": 29.377667654746162,
    "sigma": 4.665908022352718
  },
  "Riz": {
    "mu": 28.84578972027913,
    "sigma": 4.580471284831945
  },
  "Emily": {
    "mu": 25.0,
    "sigma": 8.333333333333334
  },
  "Manohar": {
    "mu": 16.092339057369088,
    "sigma": 6.066316614364435
  },
  "Mark": {
    "mu": 18.028603678922146,
    "sigma": 4.669581080622333
  },
  "Hey Macarena C": {
    "mu": 23.30242678618699,
    "sigma": 5.518085485525626
  }
}