{
  "Bav": {
    "mu": 24.13981286735033,
    "sigma": 3.8311289416361385
  },
  "Sam": {
    "mu": 29.377667654746162,
    "sigma": 4.665908022352718
  },
  "Riz": {
    "mu": 28.84578972027913,
    "sigma": 4.580471284831945
  },
  "Emily": {
    "mu": 25.0,
    "sigma": 8.333333333333334
  },
  "Manohar": {
    "mu": 16.092339057369088,
    "sigma": 6.066316614364435
  },
  "Mark": {
    "mu": 18.50146072412205,
    "sigma": 4.661123229426582
  },
  "Hey Macarena C": {
    "mu": 30.75403031893592,
    "sigma": 6.40619868209076
  }
}