{
  "Bav": {
    "mu": 24.085713344874907,
    "sigma": 4.281296189073669
  },
  "Sam": {
    "mu": 29.377667654746162,
    "sigma": 4.665908022352718
  },
  "Riz": {
    "mu": 28.84578972027913,
    "sigma": 4.580471284831945
  },
  "Emily": {
    "mu": 25.0,
    "sigma": 8.333333333333334
  },
  "Manohar": {
    "mu": 16.092339057369088,
    "sigma": 6.066316614364435
  },
  "Mark": {
    "mu": 20.939091525825564,
    "sigma": 5.3295052711835575
  },
  "Hey Macarena C": {
    "mu": 25.0,
    "sigma": 8.333333333333334
  }
}