{
  "Bav": {
    "mu": 24.392279294627517,
    "sigma": 3.4936518477184446
  },
  "Sam": {
    "mu": 30.97616543439251,
    "sigma": 4.211586628169413
  },
  "Riz": {
    "mu": 28.84578972027913,
    "sigma": 4.580471284831945
  },
  "Emily": {
    "mu": 25.0,
    "sigma": 8.333333333333334
  },
  "Manohar": {
    "mu": 16.092339057369088,
    "sigma": 6.066316614364435
  },
  "Mark": {
    "mu": 18.50146072412205,
    "sigma": 4.661123229426582
  },
  "Hey Macarena C": {
    "mu": 30.75403031893592,
    "sigma": 6.40619868209076
  },
  "AP": {
    "mu": 18.70814945693981,
    "sigma": 6.291543916220689
  }
}