{
  "Bav": {
    "mu": 27.673757873449834,
    "sigma": 2.4741872196019874
  },
  "Sam": {
    "mu": 30.079075867454407,
    "sigma": 3.3359828233438447
  },
  "Riz": {
    "mu": 25.301819620694225,
    "sigma": 3.0506072908620223
  },
  "Emily": {
    "mu": 25.0,
    "sigma": 8.333333333333334
  },
  "Manohar": {
    "mu": 16.092339057369088,
    "sigma": 6.066316614364435
  },
  "Mark": {
    "mu": 18.50146072412205,
    "sigma": 4.661123229426582
  },
  "Hey Macarena C": {
    "mu": 30.75403031893592,
    "sigma": 6.40619868209076
  },
  "AP": {
    "mu": 18.70814945693981,
    "sigma": 6.291543916220689
  },
  "WL": {
    "mu": 32.018325279883314,
    "sigma": 6.058694195661334
  },
  "Massing": {
    "mu": 25.441881458759667,
    "sigma": 4.694636748450644
  },
  "Vivien": {
    "mu": 17.593426853367962,
    "sigma": 5.952922738166119
  },
  "Tracy Cho": {
    "mu": 20.603002571301985,
    "sigma": 6.620984089333504
  }
}