{
  "Bav": {
    "mu": 24.51231198528898,
    "sigma": 2.9240765719130244
  },
  "Sam": {
    "mu": 30.97616543439251,
    "sigma": 4.211586628169413
  },
  "Riz": {
    "mu": 27.268743013096138,
    "sigma": 3.4639607733007955
  },
  "Emily": {
    "mu": 25.0,
    "sigma": 8.333333333333334
  },
  "Manohar": {
    "mu": 16.092339057369088,
    "sigma": 6.066316614364435
  },
  "Mark": {
    "mu": 18.50146072412205,
    "sigma": 4.661123229426582
  },
  "Hey Macarena C": {
    "mu": 30.75403031893592,
    "sigma": 6.40619868209076
  },
  "AP": {
    "mu": 18.70814945693981,
    "sigma": 6.291543916220689
  },
  "WL": {
    "mu": 32.018325279883314,
    "sigma": 6.058694195661334
  },
  "Massing": {
    "mu": 25.0,
    "sigma": 8.333333333333334
  },
  "Vivien": {
    "mu": 25.0,
    "sigma": 8.333333333333334
  }
}