{
  "Bav": {
    "mu": 23.159034672915514,
    "sigma": 3.206933344870193
  },
  "Sam": {
    "mu": 30.97616543439251,
    "sigma": 4.211586628169413
  },
  "Riz": {
    "mu": 30.902480526839316,
    "sigma": 3.952045475302388
  },
  "Emily": {
    "mu": 25.0,
    "sigma": 8.333333333333334
  },
  "Manohar": {
    "mu": 16.092339057369088,
    "sigma": 6.066316614364435
  },
  "Mark": {
    "mu": 18.50146072412205,
    "sigma": 4.661123229426582
  },
  "Hey Macarena C": {
    "mu": 30.75403031893592,
    "sigma": 6.40619868209076
  },
  "AP": {
    "mu": 18.70814945693981,
    "sigma": 6.291543916220689
  },
  "WL": {
    "mu": 25.0,
    "sigma": 8.333333333333334
  }
}