{"Bav": {"mu": 23.746833926494226, "sigma": 5.53558099721859}, "Sam": {"mu": 31.111307192199007, "sigma": 6.563461528244044}, "Riz": {"mu": 21.697510446848735, "sigma": 5.753338433228896}, "Emily": {"mu": 25.0, "sigma": 8.333333333333334}}